"Reference","Qty","Value","DNP","Exclude from BOM","Exclude from Board","Footprint","Datasheet"
"C1,C2","2","0.1uf","","","","Capacitor_SMD:C_0603_1608Metric","~"
"C3","1","100UF TANT","","","","Capacitor_Tantalum_SMD:CP_EIA-7343-31_Kemet-D_HandSolder","https://datasheets.kyocera-avx.com/TAJ.pdf"
"C4,C5,C6,C7,C8,C9,C10,C11,C20,C21,C22,C23,C24,C25,C26,C27,C28,C29,C30,C31,C32,C33,C34,C39,C40,C41,C42,C43,C44,C45,C46,C47,C48,C49,C50","35","0.1uF","","","","Capacitor_SMD:C_0603_1608Metric","~"
"D1","1","BAT20J","","","","Diode_SMD:D_SOD-323_HandSoldering","https://www.vishay.com/docs/85514/bat86s.pdf"
"D2","1","SMAJ6.0A","","","","Diode_SMD:D_SMA","https://www.onsemi.com/pdf/datasheet/esd5z2.5t1-d.pdf"
"D3,D4","2","PESD5V0L2U","","","","Package_TO_SOT_SMD:SOT-323_SC-70","https://www.st.com/resource/en/datasheet/esdal.pdf"
"DBOPT1,OP1,SBC1,SBC2,SBC3","5","AES-Option_A-B_2mm","","","","Connector_PinHeader_2.00mm:PinHeader_1x03_P2.00mm_Vertical",""
"H1,H2,H3,H4","4","MountingHole","","Excluded from BOM","","MountingHole:MountingHole_3.2mm_M3","~"
"J1","1","Conn 1x04 0.1"" Socket","","","","Connector_PinSocket_2.54mm:PinSocket_1x04_P2.54mm_Vertical","~"
"J2,J11","2","JST-PH-K B6B","","","","Connector_JST:JST_PH_B6B-PH-K_1x06_P2.00mm_Vertical","https://learn.adafruit.com/adafruit-spi-flash-sd-card/pinouts,~"
"J3","1","Conn 1x02 0.1"" pin","","","","Connector_PinHeader_2.54mm:PinHeader_1x02_P2.54mm_Vertical","~"
"J4","1","Conn 1x03 0.1"" pin","","","","Connector_PinHeader_2.54mm:PinHeader_1x03_P2.54mm_Vertical","~"
"J5,J6","2","Conn 1x08 0.1"" pin","DNP","Excluded from BOM","","Connector_PinHeader_2.54mm:PinHeader_1x08_P2.54mm_Vertical","~"
"J7,J9","2","Conn 2x04 0.1"" pin","","","","Connector_PinHeader_2.54mm:PinHeader_2x04_P2.54mm_Vertical",""
"J8","1","Conn 2x02 0.1"" pin","","","","Connector_PinHeader_2.54mm:PinHeader_2x02_P2.54mm_Vertical","~"
"J10","1","FFC/FPC-40 Socket","","","","AES_Library:CviLux_CF25401D0-05-NH_FFC-FPC-AES","~"
"J12","1","JST-PH-K B6B","","Excluded from BOM","Excluded from board","Connector_JST:JST_PH_B6B-PH-K_1x06_P2.00mm_Vertical","~"
"J13","1","Conn_02x05_PINHDR_2.54mm","","Excluded from BOM","Excluded from board","Connector_IDC:IDC-Header_2x05_P2.54mm_Vertical","~"
"J14","1","USB-C PWR ONLY","","","","AES_Library:AES-USB_C-Molex-BdTopMnt-2171790001",""
"J15","1","Conn 2x03 pin hdr 0.1""","","","","Connector_PinHeader_2.00mm:PinHeader_2x03_P2.00mm_Vertical","~"
"JP1,JP3","2","Jumper_2_Small_Open_wsto-AES","","","","Connector_PinHeader_2.00mm:PinHeader_1x03_P2.00mm_Vertical","~"
"JP2","1","SolderJumper_2_Open","","Excluded from BOM","","Jumper:SolderJumper-2_P1.3mm_Open_RoundedPad1.0x1.5mm","~"
"JP4,JP7","2","Jumper_2_Small_Bridged","","","","Connector_PinHeader_2.00mm:PinHeader_1x02_P2.00mm_Vertical","~"
"JP6","1","Jumper_2_Small_Open","","","","Connector_PinHeader_2.00mm:PinHeader_1x02_P2.00mm_Vertical","~"
"LED1,LED2,LED6","3","LED GREEN","","","","LED_SMD:LED_0805_2012Metric","~"
"LED3,LED4,LED9","3","LED YELLOW","","","","LED_SMD:LED_0805_2012Metric","~"
"LED5,LED8","2","LED RED","","","","LED_SMD:LED_0805_2012Metric","~"
"LED7","1","LED ORANGE","","","","LED_SMD:LED_0805_2012Metric","~"
"LED10","1","LED BLUE","","","","LED_SMD:LED_0805_2012Metric","~"
"M1","1","WS-RP2040-Zero","","","","AES_Library:RP2040_WS-ZERO-AES",""
"OP2,OP3","2","pin header 1x03 0.1""","","","","Connector_PinHeader_2.54mm:PinHeader_1x03_P2.54mm_Vertical",""
"R1","1","18k","","","","Resistor_SMD:R_0805_2012Metric","~"
"R2,R3","2","6.8k","","","","Resistor_SMD:R_0805_2012Metric","~"
"R4,R5,R6,R7,R27,R28,R29","7","4.7k","","","","Resistor_SMD:R_0805_2012Metric","~"
"R8,R9,R12,R16,R19,R20,R21,R22,R24,R31,R38,R39","12","20k","","","","Resistor_SMD:R_0805_2012Metric","~"
"R10,R44","2","0","","","","Resistor_SMD:R_0805_2012Metric_Pad1.20x1.40mm_HandSolder","~"
"R11,R13,R15,R17,R18","5","820","","","","Resistor_SMD:R_0805_2012Metric","~"
"R14","1","100K","","","","Resistor_SMD:R_0805_2012Metric_Pad1.20x1.40mm_HandSolder","~"
"R23,R34,R42","3","100k","","","","Resistor_SMD:R_0805_2012Metric","~"
"R25,R26,R32","3","10k","","","","Resistor_SMD:R_0805_2012Metric","~"
"R30,R33,R35,R37,R41","5","1.2k","","","","Resistor_SMD:R_0805_2012Metric","~"
"R36,R40","2","22","","","","Resistor_SMD:R_0805_2012Metric","~"
"RN1,RN2","2","100k","","","","Resistor_THT:R_Array_SIP9","http://www.vishay.com/docs/31509/csc.pdf"
"SD1","1","SD-CARD Socket","","","","AES_Library:AES-SDCard-GCT_MEM2075-00-140-01-A",""
"SPARE1","1","~","","Excluded from BOM","","AES_Library:SPARE-16-SOT-5_6-AES",""
"SW1","1","SW_Push","","","","AES_Library:AES-SW_PUSH_SMD_1P1T_NO_45x45mm-CK","~"
"SW2","1","SW_DIP_x02","","","","Button_Switch_THT:SW_DIP_SPSTx02_Piano_CTS_Series194-2MSTN_W7.62mm_P2.54mm","~"
"TP1","1","TestPoint","DNP","Excluded from BOM","","Connector_PinHeader_2.00mm:PinHeader_1x01_P2.00mm_Vertical","~"
"TP2,TP3,TP4,TP5,TP6,TP7,TP8,TP9,TP10,TP11,TP12,TP13,TP17,TP18,TP19,TP20,TP21,TP22,TP23,TP24,TP25","21","TestPoint","DNP","Excluded from BOM","","TestPoint:TestPoint_THTPad_D1.0mm_Drill0.5mm","~"
"TP14","1","SYNC-CONN","","","","Connector_PinHeader_2.54mm:PinHeader_1x01_P2.54mm_Vertical","~"
"TP15","1","EXT-BRK","","","","Connector_PinHeader_2.54mm:PinHeader_1x01_P2.54mm_Vertical","~"
"TP16","1","GND-CONN","","","","Connector_PinHeader_2.54mm:PinHeader_1x01_P2.54mm_Vertical","~"
"U1","1","OSC-20MHz","","","","AES_Library:OSC-8_14-CO-AES",""
"U2,U7,U13,U16","4","74FCT2245","","","","Package_SO:SSOP-20_3.9x8.7mm_P0.635mm","http://www.ti.com/lit/gpn/sn74LS245"
"U3","1","24LC32","","","","Package_SO:SOIC-8_3.9x4.9mm_P1.27mm","http://ww1.microchip.com/downloads/en/DeviceDoc/21072G.pdf"
"U4","1","MIC2775","","","","Package_TO_SOT_SMD:SOT-23-5","https://ww1.microchip.com/downloads/en/DeviceDoc/mic2775.pdf"
"U5","1","SST39SF010","","","","Package_DIP:DIP-32_W15.24mm_Socket_LongPads","http://ww1.microchip.com/downloads/en/DeviceDoc/25022B.pdf"
"U6","1","74LVC245","","","","Package_SO:SO-20_5.3x12.6mm_P1.27mm","http://www.ti.com/lit/gpn/sn74LS245"
"U8","1","74AHCT14","","","","Package_SO:SO-14_3.9x8.65mm_P1.27mm","http://www.ti.com/lit/gpn/sn74HC14"
"U9","1","Z80 C20MHz-PLCC","","","","Package_LCC:PLCC-44_THT-Socket","https://archive.org/details/zilog-z-8400"
"U10","1","74LVC2G06","","","","Package_TO_SOT_SMD:SOT-363_SC-70-6","https://www.onsemi.com/download/data-sheet/pdf/nl27wz06-d.pdf"
"U11,U21","2","74LVC2G34","","","","Package_TO_SOT_SMD:SOT-23-6",""
"U12","1","74LVC273","","","","Package_SO:SO-20_12.8x7.5mm_P1.27mm","http://www.ti.com/lit/gpn/sn74LS273"
"U14","1","AS7C1024B","","","","AES_Library:SOJ-32_WN-AES","https://www.silicon-ark.co.uk/datasheets/hm628128-datasheet-hitachi.pdf"
"U15,U18","2","ATF1508AS","","","","Package_QFP:TQFP-100_14x14mm_P0.5mm",""
"U17,U19","2","74HCT166","","","","Package_SO:SOIC-16_3.9x9.9mm_P1.27mm","http://www.ti.com/lit/gpn/sn74LS166"
"U20,U24","2","74FCT2244","","","","Package_SO:SSOP-20_3.9x8.7mm_P0.635mm","http://www.ti.com/lit/ds/symlink/sn74ls244.pdf"
"U22","1","ATF1504AS-44T","","","","Package_QFP:TQFP-44_10x10mm_P0.8mm",""
"U23","1","74AHCT00","","","","Package_SO:SO-14_3.9x8.65mm_P1.27mm","http://www.ti.com/lit/gpn/sn74hct00"
